CNPJ_FUNDO,DT_COMPTC,VL_TOTAL,VL_QUOTA,VL_PATRIM_LIQ,CAPTC_DIA,RESG_DIA,NR_COTST
24752441000108,2016-12-05,4388118.77,1.0,4388218.77,4388218.77,0.0,1
24752441000108,2016-12-06,12903765.7,1.0005041,12903866.03,8513434.66,0.0,1
24752441000108,2016-12-07,12910293.0,1.0009887,12910115.63,0.0,0.0,1
24752441000108,2016-12-08,12916587.51,1.0014659,12916271.46,0.0,0.0,1
24752441000108,2016-12-09,12923053.46,1.0019565000000001,12922598.73,0.0,0.0,1
24752441000108,2016-12-12,12929177.56,1.0024206,12928584.15,0.0,0.0,1
24752441000108,2016-12-13,12935476.94,1.0028983,12934744.84,0.0,0.0,1
24752441000108,2016-12-14,12941908.79,1.0033862,12941038.01,0.0,0.0,1
24752441000108,2016-12-15,12948330.98,1.0038734,12947321.52,0.0,0.0,1
24752441000108,2016-12-16,12954732.74,1.004359,12953584.6,0.0,0.0,1
24752441000108,2016-12-19,12961153.12,1.0048461,12959866.29,0.0,0.0,1
24752441000108,2016-12-20,12964919.36,1.0051273,12963493.85,0.0,0.0,1
24752441000108,2016-12-21,12971258.67,1.0056081000000001,12969694.48,0.0,0.0,1
24752441000108,2016-12-22,12997961.51,1.0060797,12975777.34,0.0,0.0,1
24752441000108,2016-12-23,13011214.01,1.0086359,13008744.7,0.0,0.0,1
24752441000108,2016-12-26,15733275.55,1.009019,15726822.5,2713135.87,0.0,1
24752441000108,2016-12-27,15743757.82,1.0096609,15736826.01,0.0,0.0,1
24752441000108,2016-12-28,15751916.37,1.0101494,15744440.21,0.0,0.0,1
24752441000108,2016-12-29,15760504.26,1.0106654,15752483.49,0.0,0.0,1
24752441000108,2016-12-30,15769919.81,1.0112345999999999,15761354.24,0.0,0.0,1
24752441000108,2017-01-02,15771859.39,1.0117101000000002,15768765.8,0.0,0.0,1
24752441000108,2017-01-03,15784348.61,1.0124764000000002,15780709.25,0.0,0.0,1
24752441000108,2017-01-04,15792498.86,1.0129643,15788313.93,0.0,0.0,1
24752441000108,2017-01-05,15798041.54,1.0132848,15793310.52,0.0,0.0,1
24752441000108,2017-01-06,15808553.22,1.0139495,15803670.51,0.0,0.0,1
24752441000108,2017-01-09,15814012.46,1.0142646999999998,15808583.34,0.0,0.0,1
24752441000108,2017-01-10,15820168.3,1.0147024,15815405.36,0.0,0.0,1
24752441000108,2017-01-11,15829571.44,1.0152706,15824261.71,0.0,0.0,1
24752441000108,2017-01-12,15835625.29,1.015624,15829768.59,0.0,0.0,1
24752441000108,2017-01-13,15858173.73,1.0170355,15851769.83,0.0,0.0,1
24752441000108,2017-01-16,15863943.31,1.017442,15858104.53,0.0,0.0,1
24752441000108,2017-01-17,15873540.09,1.0180226,15867153.97,0.0,0.0,1
24752441000108,2017-01-18,15881008.04,1.0183951,15872960.78,0.0,0.0,1
24752441000108,2017-01-19,15885671.42,1.0187132,15877918.12,0.0,0.0,1
24752441000108,2017-01-20,15894045.4,1.0193303,15887536.35,0.0,0.0,1
24752441000108,2017-01-23,15903754.53,1.019918,15896696.89,0.0,0.0,1
24752441000108,2017-01-24,15909955.87,1.0202806999999998,15902349.4,0.0,0.0,1
24752441000108,2017-01-25,15918123.72,1.0207695,15909968.18,0.0,0.0,1
24752441000108,2017-01-26,15925777.11,1.0212253,15917072.35,0.0,0.0,1
24752441000108,2017-01-27,15561314.33,1.0213858,15552060.15,0.0,367513.62,1
24752441000108,2017-01-30,15571776.82,1.0220369,15561973.65,0.0,0.0,1
24752441000108,2017-01-31,15567387.44,1.0222415,15565089.5,0.0,0.0,1
24752441000108,2017-02-01,15574712.8,1.0227131999999999,15572271.24,0.0,0.0,1
24752441000108,2017-02-02,15584005.46,1.0232645,15580666.68,0.0,0.0,1
24752441000108,2017-02-03,15594127.86,1.0238950999999998,15590268.35,0.0,0.0,1
24752441000108,2017-02-06,15606332.34,1.0246579,15601882.79,0.0,0.0,1
24752441000108,2017-02-07,15614757.39,1.0251346,15609140.71,0.0,0.0,1
24752441000108,2017-02-08,15625833.58,1.0258233,15619628.33,0.0,0.0,1
24752441000108,2017-02-09,15638681.03,1.0266285,15631887.2,0.0,0.0,1
24752441000108,2017-02-10,15538907.73,1.0271579,15531449.02,0.0,108500.0,1
24752441000108,2017-02-13,15548926.98,1.02778,15540856.17,0.0,0.0,1
24752441000108,2017-02-14,15556784.75,1.0282786,15548393.96,0.0,0.0,1
24752441000108,2017-02-15,15564334.56,1.0287374,15555331.63,0.0,0.0,1
24752441000108,2017-02-16,15572185.04,1.0292714,15563407.24,0.0,0.0,1
24752441000108,2017-02-17,15572897.49,1.0292793,15563526.36,0.0,0.0,1
24752441000108,2017-02-20,15581176.95,1.0299078000000002,15573029.05,0.0,0.0,1
24752441000108,2017-02-21,15589143.06,1.0303954,15580401.81,0.0,0.0,1
24752441000108,2017-02-22,19151688.69,1.0311098,19142354.1,3551149.86,0.0,1
24752441000108,2017-02-23,19163238.55,1.0317595,19154416.89,0.0,0.0,1
24752441000108,2017-02-24,19176482.41,1.0328617,19174877.48,0.0,0.0,1
24752441000108,2017-03-01,19180339.1,1.0330415000000002,19178216.21,0.0,0.0,1
24752441000108,2017-03-02,19194977.27,1.0337803,19191931.35,0.0,0.0,1
24752441000108,2017-03-03,19195793.33,1.033818,19192632.59,0.0,0.0,1
24752441000108,2017-03-06,19213653.91,1.0347521000000002,19209974.05,0.0,0.0,1
24752441000108,2017-03-07,19224146.71,1.0353144,19220412.65,0.0,0.0,1
24752441000108,2017-03-08,19231155.61,1.035664,19226901.69,0.0,0.0,1
24752441000108,2017-03-09,19232830.91,1.0357261999999998,19228056.98,0.0,0.0,1
24752441000108,2017-03-10,19236055.27,1.0358719,19230761.3,0.0,0.0,1
24752441000108,2017-03-13,19261077.77,1.0371917,19255263.68,0.0,0.0,1
24752441000108,2017-03-14,19272636.28,1.0377862,19266301.45,0.0,0.0,1
24752441000108,2017-03-15,19271114.48,1.0376762,19264258.62,0.0,0.0,1
24752441000108,2017-03-16,19288350.44,1.0385766,19280973.6,0.0,0.0,1
24752441000108,2017-03-17,19295393.26,1.0389261,19287462.77,0.0,0.0,1
24752441000108,2017-03-20,19305471.46,1.0395392,19298844.33,0.0,0.0,1
24752441000108,2017-03-21,19313073.16,1.0399205,19305924.17,0.0,0.0,1
24752441000108,2017-03-22,19326021.55,1.0405898999999998,19318350.51,0.0,0.0,1
24752441000108,2017-03-23,19330886.76,1.0408238,19322693.36,0.0,0.0,1
24752441000108,2017-03-24,19335385.13,1.041038,19326669.25,0.0,0.0,1
24752441000108,2017-03-27,19353191.79,1.0419816,19344187.02,0.0,0.0,1
24752441000108,2017-03-28,19364911.37,1.0425815,19355325.13,0.0,0.0,1
24752441000108,2017-03-29,19369112.33,1.0427765,19358944.34,0.0,0.0,1
24752441000108,2017-03-30,19380142.54,1.0433393,19369392.71,0.0,0.0,1
24752441000108,2017-03-31,19373453.92,1.0435255,19372850.42,0.0,0.0,1
24752441000108,2017-04-03,19383513.16,1.0440339,19382287.26,0.0,0.0,1
24752441000108,2017-04-04,19394079.08,1.0445695,19392230.53,0.0,0.0,1
24752441000108,2017-04-05,19404949.53,1.0451214,19402478.08,0.0,0.0,1
24752441000108,2017-04-06,19412417.74,1.0454901,19409323.12,0.0,0.0,1
24752441000108,2017-04-07,19410593.63,1.0453961999999999,19407579.16,0.0,0.0,1
24752441000108,2017-04-10,19421994.69,1.0460276,19419300.84,0.0,0.0,1
24752441000108,2017-04-11,19328142.13,1.0468638000000001,19324824.68,0.0,110000.0,1
24752441000108,2017-04-12,19335190.87,1.047212,19331252.27,0.0,0.0,1
24752441000108,2017-04-13,19342568.49,1.0475780000000001,19338008.56,0.0,0.0,1
24752441000108,2017-04-17,19347281.65,1.0478104,19342298.22,0.0,0.0,1
24752441000108,2017-04-18,19356771.65,1.0482415999999999,19350258.33,0.0,0.0,1
24752441000108,2017-04-19,19369074.33,1.0488498,19361485.06,0.0,0.0,1
24752441000108,2017-04-20,19374269.28,1.0491713,19367420.32,0.0,0.0,1
24752441000108,2017-04-24,19381564.84,1.0495328000000002,19374093.61,0.0,0.0,1
24752441000108,2017-04-25,19390879.14,1.0500037,19382785.48,0.0,0.0,1
24752441000108,2017-04-26,19392948.63,1.050082,19384232.3,0.0,0.0,1
24752441000108,2017-04-27,19400518.01,1.0504583,19391178.99,0.0,0.0,1
24752441000108,2017-04-28,19399050.4,1.0508024,19397530.09,0.0,0.0,1
24752441000108,2017-05-02,19409590.64,1.0513407,19407467.0,0.0,0.0,1
24752441000108,2017-05-03,19420215.22,1.0518836,19417488.0,0.0,0.0,1
24752441000108,2017-05-04,19427640.33,1.0522531000000002,19424309.26,0.0,0.0,1
24752441000108,2017-05-05,19433603.24,1.0525434,19429668.16,0.0,0.0,1
24752441000108,2017-05-08,19443330.35,1.0530676,19439344.66,0.0,0.0,1
24752441000108,2017-05-09,19451703.47,1.0534883999999998,19447113.36,0.0,0.0,1
24752441000108,2017-05-10,19463134.24,1.0540749,19457939.53,0.0,0.0,1
24752441000108,2017-05-11,19474960.17,1.0545007,19465799.76,0.0,0.0,1
24752441000108,2017-05-12,19487968.68,1.0551708999999998,19478172.35,0.0,0.0,1
24752441000108,2017-05-15,19498045.89,1.0556823999999998,19487613.31,0.0,0.0,1
24752441000108,2017-05-16,19510575.13,1.0563266000000002,19499506.07,0.0,0.0,1
24752441000108,2017-05-17,19521766.55,1.0568984,19510060.71,0.0,0.0,1
24752441000108,2017-05-18,19528645.5,1.0572365,19516302.59,0.0,0.0,1
24752441000108,2017-05-19,19468557.65,1.0539469,19455577.51,0.0,0.0,1
24752441000108,2017-05-22,19491955.4,1.0552796999999998,19480180.66,0.0,0.0,1
24752441000108,2017-05-23,19489984.99,1.0551372,19477549.44,0.0,0.0,1
24752441000108,2017-05-24,19509799.43,1.0561775,19496752.18,0.0,0.0,1
24752441000108,2017-05-25,19526313.93,1.0570376,19512629.95,0.0,0.0,1
24752441000108,2017-05-26,19535133.29,1.0574808,19520812.19,0.0,0.0,1
24752441000108,2017-05-29,19554339.65,1.0584867,19539381.19,0.0,0.0,1
24752441000108,2017-05-30,19567310.05,1.0591548000000002,19551713.78,0.0,0.0,1
24752441000108,2017-05-31,19451201.13,1.0592699,19445337.05,0.0,108500.0,1
24752441000108,2017-06-01,19464201.17,1.0599435,19457702.72,0.0,0.0,1
24752441000108,2017-06-02,19462399.34,1.0598101999999998,19455256.76,0.0,0.0,1
24752441000108,2017-06-05,19468397.12,1.0601021000000002,19460615.19,0.0,0.0,1
24752441000108,2017-06-06,19475272.39,1.0604418,19466850.97,0.0,0.0,1
24752441000108,2017-06-07,19489082.5,1.0611963,19480701.48,0.0,0.0,1
24752441000108,2017-06-08,19496200.74,1.0615492,19487179.71,0.0,0.0,1
24752441000108,2017-06-09,19504475.77,1.0619651,19494814.59,0.0,0.0,1
24752441000108,2017-06-12,19519313.69,1.0627385,19509012.13,0.0,0.0,1
24752441000108,2017-06-13,19528508.45,1.0632045,19517566.16,0.0,0.0,1
24752441000108,2017-06-14,19534427.38,1.063492,19522844.15,0.0,0.0,1
24752441000108,2017-06-16,19544265.44,1.0640038,19532239.1,0.0,0.0,1
24752441000108,2017-06-19,19556606.82,1.0646411,19543939.18,0.0,0.0,1
24752441000108,2017-06-20,19566611.96,1.0652502000000001,19555119.21,0.0,0.0,1
24752441000108,2017-06-21,19570429.63,1.0654231,19558294.96,0.0,0.0,1
24752441000108,2017-06-22,19580646.66,1.0659447,19567869.99,0.0,0.0,1
24752441000108,2017-06-23,19589035.66,1.0663667,19575616.74,0.0,0.0,1
24752441000108,2017-06-26,19596477.32,1.0667371,19582415.97,0.0,0.0,1
24752441000108,2017-06-27,19604744.7,1.0671525,19590040.72,0.0,0.0,1
24752441000108,2017-06-28,19611255.61,1.0674721,19595908.8,0.0,0.0,1
24752441000108,2017-06-29,19621407.91,1.0679901000000005,19605418.12,0.0,0.0,1
24752441000108,2017-06-30,19615850.67,1.068193,19609142.38,0.0,0.0,1
24752441000108,2017-07-03,19626302.8,1.0687271,19618947.01,0.0,0.0,1
24752441000108,2017-07-04,19637967.03,1.0693271999999998,19629963.48,0.0,0.0,1
24752441000108,2017-07-05,19645465.52,1.0697004,19636813.93,0.0,0.0,1
24752441000108,2017-07-06,19653933.11,1.0701264,19644633.28,0.0,0.0,1
24752441000108,2017-07-07,19661723.47,1.0705508999999995,19652426.03,0.0,0.0,1
24752441000108,2017-07-10,19666170.35,1.0708263,19657482.84,0.0,0.0,1
24752441000108,2017-07-11,19674515.3,1.0712456,19665179.06,0.0,0.0,1
24752441000108,2017-07-12,19683810.69,1.0717166,19673825.49,0.0,0.0,1
24752441000108,2017-07-13,19695642.72,1.0723258,19685008.35,0.0,0.0,1
24752441000108,2017-07-14,19703152.57,1.0726995,19691868.73,0.0,0.0,1
24752441000108,2017-07-17,19713978.67,1.0732538,19702045.19,0.0,0.0,1
24752441000108,2017-07-18,19724400.13,1.0737861000000002,19711816.75,0.0,0.0,1
24752441000108,2017-07-19,19733666.41,1.0742555,19720432.89,0.0,0.0,1
24752441000108,2017-07-20,19743708.3,1.074866,19731640.93,0.0,0.0,1
24752441000108,2017-07-21,19753738.84,1.075377,19741020.82,0.0,0.0,1
24752441000108,2017-07-24,19760051.64,1.0756854,19746682.7,0.0,0.0,1
24752441000108,2017-07-25,19766761.69,1.0760155,19752741.71,0.0,0.0,1
24752441000108,2017-07-26,19772309.53,1.0762822,19757638.34,0.0,0.0,1
24752441000108,2017-07-27,19779833.55,1.0766566,19764511.03,0.0,0.0,1
24752441000108,2017-07-28,19797357.75,1.0775757,19781383.7,0.0,0.0,1
24752441000108,2017-07-31,19797191.58,1.0780765,19790576.74,0.0,0.0,1
24752441000108,2017-08-01,19697082.79,1.0784995000000002,19689841.88,0.0,108500.0,1
24752441000108,2017-08-02,19705746.18,1.0789399,19697881.8,0.0,0.0,1
24752441000108,2017-08-03,19714560.64,1.0793885,19706072.59,0.0,0.0,1
24752441000108,2017-08-04,19725083.49,1.0799281,19715922.75,0.0,0.0,1
24752441000108,2017-08-07,19730221.67,1.0802106000000002,19721081.03,0.0,0.0,1
24752441000108,2017-08-08,19734098.52,1.0803881000000002,19724321.4,0.0,0.0,1
24752441000108,2017-08-09,19741011.06,1.0807319,19730597.38,0.0,0.0,1
24752441000108,2017-08-10,19744440.83,1.0808891999999999,19733468.71,0.0,0.0,1
24752441000108,2017-08-11,19748027.95,1.0810528999999998,19736458.19,0.0,0.0,1
24752441000108,2017-08-14,19756585.02,1.0814888999999999,19744417.54,0.0,0.0,1
24752441000108,2017-08-15,19762969.15,1.0818166999999999,19750401.77,0.0,0.0,1
24752441000108,2017-08-16,19771016.61,1.0822247,19757851.18,0.0,0.0,1
24752441000108,2017-08-17,19779156.55,1.0826378,19765392.9,0.0,0.0,1
24752441000108,2017-08-18,19779541.85,1.0826261000000001,19765179.81,0.0,0.0,1
24752441000108,2017-08-21,19788926.15,1.0832069,19775782.25,0.0,0.0,1
24752441000108,2017-08-22,19792865.96,1.0833899,19779123.42,0.0,0.0,1
24752441000108,2017-08-23,19801313.29,1.0838198,19786972.0,0.0,0.0,1
24752441000108,2017-08-24,19813983.92,1.084481,19799043.72,0.0,0.0,1
24752441000108,2017-08-25,19824380.41,1.0850176,19808841.0,0.0,0.0,1
24752441000108,2017-08-28,19832981.89,1.0854559,19816843.05,0.0,0.0,1
24752441000108,2017-08-29,19839726.79,1.0857925,19822988.31,0.0,0.0,1
24752441000108,2017-08-30,19847881.07,1.0862063,19830542.82,0.0,0.0,1
24752441000108,2017-08-31,19942185.29,1.0866423,19934580.72,96078.2,0.0,1
24752441000108,2017-09-01,19952013.08,1.0871446000000002,19943794.24,0.0,0.0,1
24752441000108,2017-09-04,19957490.05,1.0874096000000002,19948656.71,0.0,0.0,1
24752441000108,2017-09-05,19964927.77,1.0877815,19955479.83,0.0,0.0,1
24752441000108,2017-09-06,19975138.98,1.0883046,19965076.24,0.0,0.0,1
24752441000108,2017-09-08,19988883.89,1.0890597,19978927.51,0.0,0.0,1
24752441000108,2017-09-11,19996688.17,1.0894516,19986116.46,0.0,0.0,1
24752441000108,2017-09-12,19998856.0,1.0895362,19987668.79,0.0,0.0,1
24752441000108,2017-09-13,20004062.17,1.0897864,19992259.41,0.0,0.0,1
24752441000108,2017-09-14,20011402.8,1.090153,19998984.4,0.0,0.0,1
24752441000108,2017-09-15,20021614.09,1.090676,20008579.88,0.0,0.0,1
24752441000108,2017-09-18,20028346.58,1.0910095,20014696.32,0.0,0.0,1
24752441000108,2017-09-19,20036918.33,1.0914422,20022635.54,0.0,0.0,1
24752441000108,2017-09-20,20045078.84,1.0919534,20032012.57,0.0,0.0,1
24752441000108,2017-09-21,20053804.2,1.0923954,20040121.32,0.0,0.0,1
24752441000108,2017-09-22,20066014.59,1.0930274,20051714.91,0.0,0.0,1
24752441000108,2017-09-25,20072718.91,1.0933592,20057802.17,0.0,0.0,1
24752441000108,2017-09-26,20076191.5,1.0935148,20060657.53,0.0,0.0,1
24752441000108,2017-09-27,20086900.79,1.0940649,20070749.56,0.0,0.0,1
24752441000108,2017-09-28,20090546.97,1.09423,20073778.21,0.0,0.0,1
24752441000108,2017-09-29,20087821.84,1.0945325,20079327.17,0.0,0.0,1
24752441000108,2017-10-02,19987686.09,1.0949548,19978573.89,0.0,108500.0,1
24752441000108,2017-10-03,19994932.62,1.0953182,19985205.29,0.0,0.0,1
24752441000108,2017-10-04,19998748.44,1.0954936000000002,19988405.81,0.0,0.0,1
24752441000108,2017-10-05,20003615.02,1.0957266,19992657.03,0.0,0.0,1
24752441000108,2017-10-06,20004530.56,1.0957778999999999,19993592.22,0.0,0.0,1
24752441000108,2017-10-09,20014616.75,1.0962969,20003062.92,0.0,0.0,1
24752441000108,2017-10-10,20017148.53,1.0964709,20006237.55,0.0,0.0,1
24752441000108,2017-10-11,20026867.66,1.0969699,20015340.88,0.0,0.0,1
24752441000108,2017-10-13,20033213.6,1.0972839,20021070.82,0.0,0.0,1
24752441000108,2017-10-16,20039722.21,1.0976218,20027236.49,0.0,0.0,1
24752441000108,2017-10-17,20044230.29,1.0978282,20031001.34,0.0,0.0,1
24752441000108,2017-10-18,20051804.71,1.0982159,20038077.12,0.0,0.0,1
24752441000108,2017-10-19,20058652.59,1.0985575,20044308.45,0.0,0.0,1
24752441000108,2017-10-20,20065421.5,1.0989942,20052277.2,0.0,0.0,1
24752441000108,2017-10-23,20070866.05,1.0992587999999999,20057104.87,0.0,0.0,1
24752441000108,2017-10-24,20075688.75,1.0994893000000001,20061310.57,0.0,0.0,1
24752441000108,2017-10-25,20080071.93,1.0996957,20065076.64,0.0,0.0,1
24752441000108,2017-10-26,20088628.54,1.1001308,20073016.06,0.0,0.0,1
24752441000108,2017-10-27,20083699.66,1.0998268999999998,20067469.8,0.0,0.0,1
24752441000108,2017-10-30,20092080.71,1.1002524,20075233.62,0.0,0.0,1
24752441000108,2017-10-31,20085289.14,1.1003586,20077172.52,0.0,0.0,1
24752441000108,2017-11-01,20093271.52,1.1007551000000002,20084406.73,0.0,0.0,1
24752441000108,2017-11-03,20096454.99,1.1009125,20087278.57,0.0,0.0,1
24752441000108,2017-11-06,20099850.28,1.1010695,20090143.82,0.0,0.0,1
24752441000108,2017-11-07,20106782.95,1.1014204,20096546.37,0.0,0.0,1
24752441000108,2017-11-08,20111836.01,1.1017049,20101736.88,0.0,0.0,1
24752441000108,2017-11-09,20120189.1,1.1021336000000002,20109559.57,0.0,0.0,1
24752441000108,2017-11-10,20123977.78,1.1023122,20112817.67,0.0,0.0,1
24752441000108,2017-11-13,20128511.4,1.1025316,20116820.63,0.0,0.0,1
24752441000108,2017-11-14,20135163.03,1.1028588,20122790.13,0.0,0.0,1
24752441000108,2017-11-16,20140228.94,1.103099,20127173.77,0.0,0.0,1
24752441000108,2017-11-17,20148002.84,1.1034877,20134265.29,0.0,0.0,1
24752441000108,2017-11-20,20154177.43,1.1038896,20141598.4,0.0,0.0,1
24752441000108,2017-11-21,20160154.9,1.1041798,20146893.15,0.0,0.0,1
24752441000108,2017-11-22,20166972.6,1.104516,20153028.0,0.0,0.0,1
24752441000108,2017-11-23,20173058.38,1.1048121000000002,20158430.77,0.0,0.0,1
24752441000108,2017-11-24,20181324.58,1.1052277,20166013.85,0.0,0.0,1
24752441000108,2017-11-27,20185873.51,1.1054396,20169879.48,0.0,0.0,1
24752441000108,2017-11-28,20192618.87,1.1057718,20175941.45,0.0,0.0,1
24752441000108,2017-11-29,20199037.88,1.1060868,20181689.26,0.0,0.0,1
24752441000108,2017-11-30,20084153.17,1.1061907,20075085.48,0.0,108500.0,1
24752441000108,2017-12-01,20088749.51,1.1064105,20079073.89,0.0,0.0,1
24752441000108,2017-12-04,20095814.96,1.1067663,20085531.34,0.0,0.0,1
24752441000108,2017-12-05,20103557.76,1.1071594999999999,20092665.96,0.0,0.0,1
24752441000108,2017-12-06,20110017.69,1.1074819,20098517.55,0.0,0.0,1
24752441000108,2017-12-07,20115369.86,1.1077785,20103900.23,0.0,0.0,1
24752441000108,2017-12-08,20119414.63,1.1079678999999998,20107336.41,0.0,0.0,1
24752441000108,2017-12-11,20126428.89,1.1083208,20113741.97,0.0,0.0,1
24752441000108,2017-12-12,20132024.4,1.1085956,20118728.63,0.0,0.0,1
24752441000108,2017-12-13,20137635.3,1.1088712,20123730.58,0.0,0.0,1
24752441000108,2017-12-14,20144942.68,1.1092403,20130428.88,0.0,0.0,1
24752441000108,2017-12-15,20149387.2,1.1094662,20134528.17,0.0,0.0,1
24752441000108,2017-12-18,20154906.34,1.1097367,20139437.98,0.0,0.0,1
24752441000108,2017-12-19,20159099.21,1.1099341999999999,20143021.39,0.0,0.0,1
24752441000108,2017-12-20,20161643.34,1.1101409,20146772.52,0.0,0.0,1
24752441000108,2017-12-21,20169449.85,1.1105375,20153969.39,0.0,0.0,1
24752441000108,2017-12-22,20175164.32,1.1108187,20159074.07,0.0,0.0,1
24752441000108,2017-12-26,20179981.34,1.1110506000000002,20163281.16,0.0,0.0,1
24752441000108,2017-12-27,20188131.6,1.1114661,20170821.39,0.0,0.0,1
24752441000108,2017-12-28,20196291.9,1.1118821,20178371.49,0.0,0.0,1
24752441000108,2017-12-29,20203838.33,1.1122643,20185307.54,0.0,0.0,1
24752441000108,2018-01-02,20200475.14,1.1125388,20190290.18,0.0,0.0,1
24752441000108,2018-01-03,20209669.35,1.1130124,20198885.28,0.0,0.0,1
24752441000108,2018-01-04,20216326.17,1.1133462,20204942.79,0.0,0.0,1
24752441000108,2018-01-05,20222160.71,1.1136347,20210177.87,0.0,0.0,1
24752441000108,2018-01-08,20225603.33,1.1138266,20213659.83,0.0,0.0,1
24752441000108,2018-01-09,20231462.73,1.1141164,20218919.56,0.0,0.0,1
24752441000108,2018-01-10,20235680.86,1.114374,20223595.18,0.0,0.0,1
24752441000108,2018-01-11,20240543.08,1.1146089,20227857.5,0.0,0.0,1
24752441000108,2018-01-12,20246343.01,1.1148954,20233057.42,0.0,0.0,1
24752441000108,2018-01-15,20251982.02,1.1151731000000005,20238096.31,0.0,0.0,1
24752441000108,2018-01-16,20257897.43,1.115466,20243411.46,0.0,0.0,1
24752441000108,2018-01-17,20263338.14,1.1157327,20248251.81,0.0,0.0,1
24752441000108,2018-01-18,20268801.6,1.1160006000000002,20253114.78,0.0,0.0,1
24752441000108,2018-01-19,20273424.33,1.1162223,20257136.91,0.0,0.0,1
24752441000108,2018-01-22,20277159.22,1.1164951,20262087.63,0.0,0.0,1
24752441000108,2018-01-23,20281736.37,1.1167142,20266063.96,0.0,0.0,1
24752441000108,2018-01-24,20286032.66,1.1169178,20269759.34,0.0,0.0,1
24752441000108,2018-01-25,20296458.02,1.1174591,20279583.7,0.0,0.0,1
24752441000108,2018-01-26,20302075.62,1.1177356,20284600.06,0.0,0.0,1
24752441000108,2018-01-29,20309932.18,1.1181353,20291855.26,0.0,0.0,1
24752441000108,2018-01-30,20313389.8,1.1182927,20294711.36,0.0,0.0,1
24752441000108,2018-01-31,20198749.28,1.1184665,20189364.7,0.0,108500.0,1
24752441000108,2018-02-01,20204169.74,1.1187329,20194174.0,0.0,0.0,1
24752441000108,2018-02-02,20210755.22,1.1190639,20200148.22,0.0,0.0,1
24752441000108,2018-02-05,20212321.71,1.1191168,20201103.31,0.0,0.0,1
24752441000108,2018-02-06,20215471.84,1.1192574,20203642.01,0.0,0.0,1
24752441000108,2018-02-07,20222141.34,1.1196303,20210372.98,0.0,0.0,1
24752441000108,2018-02-08,20227833.13,1.1199114,20215446.35,0.0,0.0,1
24752441000108,2018-02-09,20232795.83,1.120152,20219790.52,0.0,0.0,1
24752441000108,2018-02-14,20235055.63,1.1202428999999998,20221431.68,0.0,0.0,1
24752441000108,2018-02-15,20248546.35,1.1209707,20234567.7,0.0,0.0,1
24752441000108,2018-02-16,20257365.19,1.1214249,20242767.54,0.0,0.0,1
24752441000108,2018-02-19,20267712.36,1.1219638,20252495.52,0.0,0.0,1
24752441000108,2018-02-20,20271796.95,1.1222787,20258178.5,0.0,0.0,1
24752441000108,2018-02-21,20279277.81,1.1226366,20264638.51,0.0,0.0,1
24752441000108,2018-02-22,20285142.1,1.1229271,20269882.49,0.0,0.0,1
24752441000108,2018-02-23,20286675.6,1.1229776000000002,20270795.56,0.0,0.0,1
24752441000108,2018-02-26,20292395.41,1.1232601,20275894.91,0.0,0.0,1
24752441000108,2018-02-27,20299307.08,1.1236087,20282185.99,0.0,0.0,1
24752441000108,2018-02-28,20296702.19,1.1238783,20287053.87,0.0,0.0,1
24752441000108,2018-03-01,20303096.34,1.1241979,20292823.09,0.0,0.0,1
24752441000108,2018-03-02,20306911.45,1.1243747,20296013.14,0.0,0.0,1
24752441000108,2018-03-05,20316404.78,1.124866,20304881.31,0.0,0.0,1
24752441000108,2018-03-06,20325798.28,1.1253517,20313649.45,0.0,0.0,1
24752441000108,2018-03-07,20330982.6,1.1256364,20318789.32,0.0,0.0,1
24752441000108,2018-03-08,20335791.78,1.1258682,20322972.81,0.0,0.0,1
24752441000108,2018-03-09,20341378.48,1.126143,20327933.71,0.0,0.0,1
24752441000108,2018-03-12,20350550.83,1.1266165,20336480.15,0.0,0.0,1
24752441000108,2018-03-13,20355691.74,1.1268666,20340994.95,0.0,0.0,1
24752441000108,2018-03-14,20361172.09,1.1271354999999998,20345849.08,0.0,0.0,1
24752441000108,2018-03-15,20362416.42,1.1271698,20346467.06,0.0,0.0,1
24752441000108,2018-03-16,20364825.36,1.1272685,20348249.65,0.0,0.0,1
24752441000108,2018-03-19,20373354.42,1.1277063,20356152.32,0.0,0.0,1
24752441000108,2018-03-20,20373479.95,1.1278013999999998,20357869.09,0.0,0.0,1
24752441000108,2018-03-21,20376272.06,1.1278992,20359633.3,0.0,0.0,1
24752441000108,2018-03-22,20386652.6,1.1284395,20369387.17,0.0,0.0,1
24752441000108,2018-03-23,20398089.23,1.1290383999999998,20380196.91,0.0,0.0,1
24752441000108,2018-03-26,20399586.46,1.1290866000000002,20381066.99,0.0,0.0,1
24752441000108,2018-03-27,20414314.08,1.1298677,20395167.43,0.0,0.0,1
24752441000108,2018-03-28,20414195.65,1.1298264,20394421.49,0.0,0.0,1
24752441000108,2018-03-29,20408058.25,1.1299775,20397149.38,0.0,0.0,1
24752441000108,2018-04-02,20420327.52,1.1306225,20408792.81,0.0,0.0,1
24752441000108,2018-04-03,20418789.07,1.1305026000000002,20406628.26,0.0,0.0,1
24752441000108,2018-04-04,20421667.68,1.1306273999999998,20408880.81,0.0,0.0,1
24752441000108,2018-04-05,20423219.1,1.1306787,20409806.11,0.0,0.0,1
24752441000108,2018-04-06,20435139.87,1.1313419,20421778.8,0.0,0.0,1
24752441000108,2018-04-09,20433090.6,1.1311937,20419103.1,0.0,0.0,1
24752441000108,2018-04-10,20432120.55,1.1311833999999998,20418916.41,0.0,0.0,1
24752441000108,2018-04-11,20437449.84,1.1314411,20423569.06,0.0,0.0,1
24752441000108,2018-04-12,20446985.91,1.1319343000000002,20432472.38,0.0,0.0,1
24752441000108,2018-04-13,20457044.01,1.1324565,20441897.53,0.0,0.0,1
24752441000108,2018-04-16,20458304.92,1.1326749,20445839.25,0.0,0.0,1
24752441000108,2018-04-17,20463878.52,1.1329486,20450780.45,0.0,0.0,1
24752441000108,2018-04-18,20471130.85,1.1333152,20457398.52,0.0,0.0,1
24752441000108,2018-04-19,20481979.14,1.1338811000000002,20467613.25,0.0,0.0,1
24752441000108,2018-04-20,20482335.22,1.1339886000000001,20469553.34,0.0,0.0,1
24752441000108,2018-04-23,20492733.56,1.1345295,20479317.85,0.0,0.0,1
24752441000108,2018-04-24,20493436.37,1.1345333,20479386.57,0.0,0.0,1
24752441000108,2018-04-25,20495809.38,1.1346296999999999,20481125.51,0.0,0.0,1
24752441000108,2018-04-26,20498668.82,1.1347530000000001,20483350.82,0.0,0.0,1
24752441000108,2018-04-27,20506146.44,1.1351321,20490194.27,0.0,0.0,1
24752441000108,2018-04-30,20505358.15,1.1355818000000002,20498311.52,0.0,0.0,1
24752441000108,2018-05-02,20504176.63,1.1354812,20496495.46,0.0,0.0,1
24752441000108,2018-05-03,20504785.41,1.1354797,20496469.76,0.0,0.0,1
24752441000108,2018-05-04,20505380.18,1.1354775,20496430.05,0.0,0.0,1
24752441000108,2018-05-07,20509962.44,1.1356962,20500377.83,0.0,0.0,1
24752441000108,2018-05-08,20506658.68,1.1355158,20497120.91,0.0,0.0,1
24752441000108,2018-05-09,20502436.44,1.1352467,20492264.18,0.0,0.0,1
24752441000108,2018-05-10,20499721.37,1.1350612,20488914.72,0.0,0.0,1
24752441000108,2018-05-11,20517732.6,1.1360238,20506291.65,0.0,0.0,1
24752441000108,2018-05-14,20513877.77,1.1357751,20501802.1,0.0,0.0,1
24752441000108,2018-05-15,20509389.49,1.1354913,20496679.2,0.0,0.0,1
24752441000108,2018-05-16,20516713.05,1.1358619,20503368.28,0.0,0.0,1
24752441000108,2018-05-17,20522084.95,1.1361243,20508105.52,0.0,0.0,1
24752441000108,2018-05-18,20508428.77,1.1353326,20493814.58,0.0,0.0,1
24752441000108,2018-05-21,20505327.84,1.1352486000000002,20492297.05,0.0,0.0,1
24752441000108,2018-05-22,20515737.26,1.1357901,20502072.08,0.0,0.0,1
24752441000108,2018-05-23,20526787.58,1.1363671,20512487.8,0.0,0.0,1
24752441000108,2018-05-24,20535498.79,1.1368145,20520564.14,0.0,0.0,1
24752441000108,2018-05-25,20533438.53,1.1366651,20517866.26,0.0,0.0,1
24752441000108,2018-05-28,20532048.82,1.1365529,20515841.42,0.0,0.0,1
24752441000108,2018-05-29,20530680.12,1.1364419,20513837.63,0.0,0.0,1
24752441000108,2018-05-30,20521173.76,1.1364101,20513264.04,0.0,0.0,1
24752441000108,2018-06-01,20526481.11,1.1366693,20517942.8,0.0,0.0,1
24752441000108,2018-06-04,20538837.86,1.137319,20529670.84,0.0,0.0,1
24752441000108,2018-06-05,20548061.64,1.1377952,20538265.63,0.0,0.0,1
24752441000108,2018-06-06,20535933.33,1.1370877000000001,20525495.25,0.0,0.0,1
24752441000108,2018-06-07,20534884.75,1.1370323999999998,20524497.74,0.0,0.0,1
24752441000108,2018-06-08,20506595.37,1.1354301000000002,20495573.06,0.0,0.0,1
24752441000108,2018-06-11,20522868.05,1.1362964,20511211.12,0.0,0.0,1
24752441000108,2018-06-12,20534443.06,1.1369023999999999,20522151.15,0.0,0.0,1
24752441000108,2018-06-13,20540595.68,1.1372081,20527668.53,0.0,0.0,1
24752441000108,2018-06-14,20536365.3,1.1369385,20522802.77,0.0,0.0,1
24752441000108,2018-06-15,20520357.58,1.1360312,20506423.77,0.0,0.0,1
24752441000108,2018-06-18,20532867.65,1.1366889999999998,20518298.97,0.0,0.0,1
24752441000108,2018-06-19,20815060.01,1.1373293,20799856.17,270000.0,0.0,1
24752441000108,2018-06-20,20826681.37,1.1380508999999999,20813053.48,0.0,0.0,1
24752441000108,2018-06-21,20828910.57,1.1381377000000001,20814640.51,0.0,0.0,1
24752441000108,2018-06-22,20830159.27,1.1381709,20815246.99,0.0,0.0,1
24752441000108,2018-06-25,20834817.83,1.1383905,20819263.33,0.0,0.0,1
24752441000108,2018-06-26,20845113.7,1.1389183,20828916.88,0.0,0.0,1
24752441000108,2018-06-27,20854592.75,1.1394015,20837753.38,0.0,0.0,1
24752441000108,2018-06-28,20855074.44,1.1393927,20837592.31,0.0,0.0,1
24752441000108,2018-06-29,20857284.71,1.1400048999999999,20848789.12,0.0,0.0,1
24752441000108,2018-07-02,20862036.11,1.1402298999999998,20852902.64,0.0,0.0,1
24752441000108,2018-07-03,20868877.11,1.140569,20859105.67,0.0,0.0,1
24752441000108,2018-07-04,20871562.68,1.140681,20861153.11,0.0,0.0,1
24752441000108,2018-07-05,20876190.3,1.1408991000000002,20865142.56,0.0,0.0,1
24752441000108,2018-07-06,20877952.69,1.1409982,20866954.52,0.0,0.0,1
24752441000108,2018-07-09,20886930.8,1.1414542,20875294.32,0.0,0.0,1
24752441000108,2018-07-10,20891612.12,1.1417525,20880749.84,0.0,0.0,1
24752441000108,2018-07-11,20899502.91,1.1421489,20887999.0,0.0,0.0,1
24752441000108,2018-07-12,20900888.38,1.1421897,20888745.65,0.0,0.0,1
24752441000108,2018-07-13,20905194.32,1.1423903,20892412.76,0.0,0.0,1
24752441000108,2018-07-16,20912386.94,1.1427482,20898958.34,0.0,0.0,1
24752441000108,2018-07-17,20918897.53,1.143069,20904825.79,0.0,0.0,1
24752441000108,2018-07-18,20924737.76,1.1433532,20910022.75,0.0,0.0,1
24752441000108,2018-07-19,20930390.73,1.1436271,20915032.32,0.0,0.0,1
24752441000108,2018-07-20,20932933.95,1.1438536,20919174.23,0.0,0.0,1
24752441000108,2018-07-23,20940528.63,1.1442339,20926129.35,0.0,0.0,1
24752441000108,2018-07-24,20945190.07,1.1444538,20930151.08,0.0,0.0,1
24752441000108,2018-07-25,20950712.13,1.1447207,20935033.33,0.0,0.0,1
24752441000108,2018-07-26,20958521.49,1.1451128000000002,20942202.76,0.0,0.0,1
24752441000108,2018-07-27,20962628.62,1.1453023,20945669.8,0.0,0.0,1
24752441000108,2018-07-30,20968892.99,1.1456098999999995,20951293.98,0.0,0.0,1
24752441000108,2018-07-31,20964070.63,1.1458698,20956048.15,0.0,0.0,1
24752441000108,2018-08-01,20968261.68,1.1460652,20959620.61,0.0,0.0,1
24752441000108,2018-08-02,20973745.67,1.1463311999999999,20964485.92,0.0,0.0,1
24752441000108,2018-08-03,20978141.48,1.1465377,20968262.92,0.0,0.0,1
24752441000108,2018-08-06,20985135.02,1.1468863,20974637.58,0.0,0.0,1
24752441000108,2018-08-07,20990010.59,1.1471589,20979623.89,0.0,0.0,1
24752441000108,2018-08-08,20992049.75,1.1472366000000005,20981043.9,0.0,0.0,1
24752441000108,2018-08-09,20997846.66,1.1475197,20986221.62,0.0,0.0,1
24752441000108,2018-08-10,21000179.28,1.1476133999999998,20987934.92,0.0,0.0,1
24752441000108,2018-08-13,20998962.92,1.147513,20986099.2,0.0,0.0,1
24752441000108,2018-08-14,21005292.53,1.1478244,20991793.98,0.0,0.0,1
24752441000108,2018-08-15,21016682.06,1.1484273,21002820.3,0.0,0.0,1
24752441000108,2018-08-16,21022707.02,1.1487223999999998,21008217.76,0.0,0.0,1
24752441000108,2018-08-17,21028673.35,1.1490143999999998,21013556.48,0.0,0.0,1
24752441000108,2018-08-20,21032262.46,1.1492968000000001,21018722.5,0.0,0.0,1
24752441000108,2018-08-21,21034914.6,1.1494068000000002,21020733.6,0.0,0.0,1
24752441000108,2018-08-22,21032775.51,1.1492548,21017953.4,0.0,0.0,1
24752441000108,2018-08-23,21041567.51,1.1497005,21026104.38,0.0,0.0,1
24752441000108,2018-08-24,21043181.02,1.1497446000000002,21026911.24,0.0,0.0,1
24752441000108,2018-08-27,21051283.05,1.1501616000000001,21034537.46,0.0,0.0,1
24752441000108,2018-08-28,21058487.67,1.1505205,21041100.66,0.0,0.0,1
24752441000108,2018-08-29,21061690.25,1.1506604999999999,21043661.66,0.0,0.0,1
24752441000108,2018-08-30,21067898.63,1.1509649,21049228.4,0.0,0.0,1
24752441000108,2018-08-31,20946115.26,1.1507903999999998,20937537.48,0.0,108500.0,1
24752441000108,2018-09-03,20953055.58,1.1511357,20943819.57,0.0,0.0,1
24752441000108,2018-09-04,20955516.63,1.1512348,20945622.26,0.0,0.0,1
24752441000108,2018-09-05,20958568.01,1.1513663,20948015.23,0.0,0.0,1
24752441000108,2018-09-06,21653692.01,1.1516117,21642480.75,690000.0,0.0,1
24752441000108,2018-09-10,21661133.43,1.1520127,21650016.88,0.0,0.0,1
24752441000108,2018-09-11,21667050.2,1.1522916,21655258.47,0.0,0.0,1
24752441000108,2018-09-12,21671589.57,1.1524973,21659122.53,0.0,0.0,1
24752441000108,2018-09-13,22371530.17,1.1529477,22358387.72,690800.48,0.0,1
24752441000108,2018-09-14,21682112.64,1.1529844,21668278.15,0.0,690822.47,1
24752441000108,2018-09-17,21690648.34,1.1534027,21676138.23,0.0,0.0,1
24752441000108,2018-09-18,21700854.09,1.1539098,21685668.17,0.0,0.0,1
24752441000108,2018-09-19,21705836.84,1.1541389,21689974.89,0.0,0.0,1
24752441000108,2018-09-20,21708276.24,1.1543521,21693980.36,0.0,0.0,1
24752441000108,2018-09-21,21713490.82,1.1545936,21698518.71,0.0,0.0,1
24752441000108,2018-09-24,21719541.81,1.1548795,21703893.37,0.0,0.0,1
24752441000108,2018-09-25,21724203.66,1.1550916000000002,21707878.74,0.0,0.0,1
24752441000108,2018-09-26,21730175.67,1.1553733999999998,21713174.18,0.0,0.0,1
24752441000108,2018-09-27,21736231.93,1.1556596,21718553.76,0.0,0.0,1
24752441000108,2018-09-28,21731822.06,1.1558734,21722571.43,0.0,0.0,1
24752441000108,2018-10-01,21736476.87,1.1560863000000001,21726572.28,0.0,0.0,1
24752441000108,2018-10-02,21742083.06,1.1563491000000001,21731511.89,0.0,0.0,1
24752441000108,2018-10-03,21748198.3,1.1566393999999998,21736966.69,0.0,0.0,1
24752441000108,2018-10-04,21754104.78,1.1569185,21742212.61,0.0,0.0,1
24752441000108,2018-10-05,21759493.75,1.1572046999999999,21747591.18,0.0,0.0,1
24752441000108,2018-10-08,21764212.09,1.1574206,21751648.71,0.0,0.0,1
24752441000108,2018-10-09,21865656.74,1.1579944,21852432.43,90000.0,0.0,1
24752441000108,2018-10-10,21877047.11,1.1586376,21864569.18,0.0,0.0,1
24752441000108,2018-10-11,21876809.53,1.1585898000000001,21863667.99,0.0,0.0,1
24752441000108,2018-10-15,21971487.83,1.1588135,21957952.11,90063.66,0.0,1
24752441000108,2018-10-16,21982754.39,1.1593717,21968530.45,0.0,0.0,1
24752441000108,2018-10-17,22084399.38,1.1599428,22069501.97,90151.43,0.0,1
24752441000108,2018-10-18,21910997.97,1.1602726,21895423.96,0.0,180354.13,1
24752441000108,2018-10-19,21912322.1,1.1603072,21896075.62,0.0,0.0,1
24752441000108,2018-10-22,21915014.92,1.1605343000000001,21900362.54,0.0,0.0,1
24752441000108,2018-10-23,21928962.3,1.1612381999999999,21913645.47,0.0,0.0,1
24752441000108,2018-10-24,21935992.73,1.1615754999999999,21920011.13,0.0,0.0,1
24752441000108,2018-10-25,21937098.49,1.1615989,21920451.97,0.0,0.0,1
24752441000108,2018-10-26,21939958.17,1.1617152,21922646.71,0.0,0.0,1
24752441000108,2018-10-29,21955548.37,1.1625061,21937571.92,0.0,0.0,1
24752441000108,2018-10-30,21856145.73,1.1629528999999998,21837503.94,0.0,108500.0,1
24752441000108,2018-10-31,21853638.3,1.1633532,21845019.72,0.0,0.0,1
24752441000108,2018-11-01,21859843.05,1.1636476999999998,21850548.82,0.0,0.0,1
24752441000108,2018-11-05,21866326.1,1.1639568999999998,21856356.08,0.0,0.0,1
24752441000108,2018-11-06,21873366.49,1.1642959,21862720.54,0.0,0.0,1
24752441000108,2018-11-07,21877683.69,1.1644898,21866361.65,0.0,0.0,1
24752441000108,2018-11-08,21881335.87,1.1646889,21870100.94,0.0,0.0,1
24752441000108,2018-11-09,21883459.62,1.164766,21871548.44,0.0,0.0,1
24752441000108,2018-11-12,21888974.5,1.1650234,21876383.03,0.0,0.0,1
24752441000108,2018-11-13,21895328.12,1.165326,21882064.24,0.0,0.0,1
24752441000108,2018-11-14,21900470.76,1.1655638,21886530.34,0.0,0.0,1
24752441000108,2018-11-16,21907293.03,1.1658911,21892675.96,0.0,0.0,1
24752441000108,2018-11-19,21916689.43,1.1663529,21901346.23,0.0,0.0,1
24752441000108,2018-11-20,21918185.77,1.1665172,21904431.9,0.0,0.0,1
24752441000108,2018-11-21,21923591.8,1.166769,21909160.58,0.0,0.0,1
24752441000108,2018-11-22,21929328.19,1.1670383999999998,21914219.5,0.0,0.0,1
24752441000108,2018-11-23,21933798.23,1.1672403999999998,21918011.96,0.0,0.0,1
24752441000108,2018-11-26,21939916.76,1.1675301000000002,21923452.81,0.0,0.0,1
24752441000108,2018-11-27,21940590.95,1.1675299,21923449.21,0.0,0.0,1
24752441000108,2018-11-28,21946870.8,1.1678283,21929051.25,0.0,0.0,1
24752441000108,2018-11-29,21956025.1,1.1682796999999998,21937527.61,0.0,0.0,1
24752441000108,2018-11-30,21951959.76,1.1685451999999998,21942513.5,0.0,0.0,1
24752441000108,2018-12-03,21957586.26,1.168809,21947467.08,0.0,0.0,1
24752441000108,2018-12-04,21964302.92,1.1691308999999999,21953510.7,0.0,0.0,1
24752441000108,2018-12-05,21964939.14,1.1691288999999998,21953473.73,0.0,0.0,1
24752441000108,2018-12-06,21972017.23,1.16947,21959878.65,0.0,0.0,1
24752441000108,2018-12-07,21977620.07,1.1697697,21965506.08,0.0,0.0,1
24752441000108,2018-12-10,21982758.42,1.1700066999999998,21969956.69,0.0,0.0,1
24752441000108,2018-12-11,21984745.91,1.1700763,21971263.47,0.0,0.0,1
24752441000108,2018-12-12,21991902.05,1.1704211000000002,21977738.88,0.0,0.0,1
24752441000108,2018-12-13,21999242.77,1.1707758,21984398.7,0.0,0.0,1
24752441000108,2018-12-14,22008883.51,1.171253,21993358.39,0.0,0.0,1
24752441000108,2018-12-17,22010185.23,1.1713001,21994242.86,0.0,0.0,1
24752441000108,2018-12-18,22017023.99,1.1711425,21991284.26,0.0,0.0,1
24752441000108,2018-12-19,21997847.98,1.1716776000000002,22001332.72,0.0,0.0,1
24752441000108,2018-12-20,21994050.77,1.1705756999999999,21980641.58,0.0,0.0,1
24752441000108,2018-12-21,22014648.17,1.1707077,21983119.86,0.0,0.0,1
24752441000108,2018-12-24,22018300.03,1.1716707,22001202.04,0.0,0.0,1
24752441000108,2018-12-26,22014916.62,1.1718923,22005363.89,0.0,0.0,1
24752441000108,2018-12-27,22021192.39,1.1713345,21994889.21,0.0,0.0,1
24752441000108,2018-12-28,22096455.24,1.1722363,22011823.91,0.0,0.0,1
24752441000108,2018-12-31,22117200.69,1.176793,22097386.79,0.0,0.0,1
24752441000108,2019-01-02,22191630.62,1.1770092,22101446.66,0.0,0.0,1
24752441000108,2019-01-03,22239517.03,1.1830216,22214345.74,0.0,0.0,1
24752441000108,2019-01-04,22259683.01,1.1846731,22245356.25,0.0,0.0,1
24752441000108,2019-01-07,22262783.64,1.1856397,22263508.35,0.0,0.0,1
24752441000108,2019-01-08,22265683.28,1.1848549,22248770.26,0.0,0.0,1
24752441000108,2019-01-09,22315050.41,1.1856601,22263890.3,0.0,0.0,1
24752441000108,2019-01-10,22341545.59,1.1888953000000002,22324640.43,0.0,0.0,1
24752441000108,2019-01-11,22339496.53,1.1892071000000002,22330494.04,0.0,0.0,1
24752441000108,2019-01-14,22359863.67,1.1889495,22325658.55,0.0,0.0,1
24752441000108,2019-01-15,22361094.93,1.1908013000000002,22360430.02,0.0,0.0,1
24752441000108,2019-01-16,22363879.13,1.1899972,22345331.35,0.0,0.0,1
24752441000108,2019-01-17,22390580.75,1.1905551,22355806.58,0.0,0.0,1
24752441000108,2019-01-18,22413951.07,1.1920997,22384811.44,0.0,0.0,1
24752441000108,2019-01-21,22419615.26,1.193164,22404796.77,0.0,0.0,1
24752441000108,2019-01-22,22404577.16,1.193558,22412193.74,0.0,0.0,1
24752441000108,2019-01-23,22439835.94,1.1923124,22388804.21,0.0,0.0,1
24752441000108,2019-01-24,22491543.73,1.1953045,22444988.74,0.0,0.0,1
24752441000108,2019-01-25,22503626.56,1.1976452,22488942.93,0.0,0.0,1
24752441000108,2019-01-28,22450708.29,1.1978743,22493244.03,0.0,0.0,1
24752441000108,2019-01-29,22451065.94,1.1941326,22422983.88,0.0,0.0,1
24752441000108,2019-01-30,22497546.0,1.1954541,22447797.7,0.0,0.0,1
24752441000108,2019-01-31,22502459.13,1.1981892,22499157.54,0.0,0.0,1
24752441000108,2019-02-01,22552484.36,1.1997742,22528919.05,0.0,0.0,1
24752441000108,2019-02-04,22577967.79,1.2011445,22554650.09,0.0,0.0,1
24752441000108,2019-02-05,22579498.06,1.2024629,22579406.71,0.0,0.0,1
24752441000108,2019-02-06,22485065.05,1.2018464,22567831.6,0.0,0.0,1
24752441000108,2019-02-07,22400598.07,1.1932198999999999,22405846.46,0.0,0.0,1
24752441000108,2019-02-08,22418889.26,1.1919267,22381561.93,0.0,0.0,1
24752441000108,2019-02-11,22394829.4,1.193447,22410110.87,0.0,0.0,1
24752441000108,2019-02-12,22434705.29,1.1918175,22379511.08,0.0,0.0,1
24752441000108,2019-02-13,22454253.96,1.195391,22446613.2,0.0,0.0,1
24752441000108,2019-02-14,22454444.91,1.1952785,22444500.68,0.0,0.0,1
24752441000108,2019-02-15,22466176.4,1.1995046,22523858.34,0.0,0.0,1
24752441000108,2019-02-18,22454314.87,1.1994076999999999,22522037.08,0.0,0.0,1
24752441000108,2019-02-19,22533314.79,1.1976937,22489852.65,0.0,0.0,1
24752441000108,2019-02-20,22515305.81,1.200022,22533572.24,0.0,0.0,1
24752441000108,2019-02-21,22517911.69,1.1979031999999998,22493787.5,0.0,0.0,1
24752441000108,2019-02-22,22553111.26,1.1986099,22507057.61,0.0,0.0,1
24752441000108,2019-02-25,22549514.64,1.2008725,22549543.06,0.0,0.0,1
24752441000108,2019-02-26,22556821.02,1.2000872999999999,22534798.63,0.0,0.0,1
24752441000108,2019-02-27,22558693.74,1.2006255,22544904.36,0.0,0.0,1
24752441000108,2019-02-28,22512494.73,1.2008103,22548374.98,0.0,0.0,1
24752441000108,2019-03-01,22482982.23,1.1981498,22498417.59,0.0,0.0,1
24752441000108,2019-03-06,22465846.25,1.1968268,22473574.71,0.0,0.0,1
24752441000108,2019-03-07,22465134.05,1.1959125,22456407.21,0.0,0.0,1
24752441000108,2019-03-08,22501087.32,1.1960407,22458813.18,0.0,0.0,1
24752441000108,2019-03-11,22577936.05,1.1983281,22501765.87,0.0,0.0,1
24752441000108,2019-03-12,22596394.46,1.2029226999999998,22588041.95,0.0,0.0,1
24752441000108,2019-03-13,22635386.19,1.2031691999999998,22592670.43,0.0,0.0,1
24752441000108,2019-03-14,22636008.69,1.2054526,22635546.72,0.0,0.0,1
24752441000108,2019-03-15,22647790.84,1.2048177,22623624.65,0.0,0.0,1
24752441000108,2019-03-18,22674453.48,1.2057601,22641320.34,0.0,0.0,1
24752441000108,2019-03-19,22680642.86,1.2074512,22673076.68,0.0,0.0,1
24752441000108,2019-03-20,22638749.57,1.2072753,22669773.41,0.0,0.0,1
24752441000108,2019-03-21,22605054.07,1.2050212,22627446.63,0.0,0.0,1
24752441000108,2019-03-22,22516188.52,1.2029901,22589306.02,0.0,0.0,1
24752441000108,2019-03-25,22497591.44,1.1970174999999998,22477156.32,0.0,0.0,1
24752441000108,2019-03-26,22564564.37,1.1980286,22496141.05,0.0,0.0,1
24752441000108,2019-03-27,22468956.12,1.2011763,22555247.1,0.0,0.0,1
24752441000108,2019-03-28,22503652.73,1.1939422,22419408.03,0.0,0.0,1
24752441000108,2019-03-29,22552198.28,1.1994756000000002,22523312.54,0.0,0.0,1
24752441000108,2019-04-01,22578139.0,1.2009075,22550200.59,0.0,0.0,1
24752441000108,2019-04-02,22574332.13,1.2026428,22582785.07,0.0,0.0,1
24752441000108,2019-04-03,22556545.29,1.2020191,22571074.29,0.0,0.0,1
24752441000108,2019-04-04,22606029.19,1.2007576000000002,22547386.19,0.0,0.0,1
24752441000108,2019-04-05,22633452.58,1.2036719999999999,22602110.53,0.0,0.0,1
24752441000108,2019-04-08,22654847.09,1.2052584,22631900.74,0.0,0.0,1
24752441000108,2019-04-09,22626155.41,1.2061114,22647917.32,0.0,0.0,1
24752441000108,2019-04-10,22615669.64,1.2042803,22613534.07,0.0,0.0,1
24752441000108,2019-04-11,22585273.69,1.2040276,22608787.92,0.0,0.0,1
24752441000108,2019-04-12,22517058.21,1.2017228000000002,22565510.35,0.0,0.0,1
24752441000108,2019-04-15,22527324.32,1.1983003,22501244.37,0.0,0.0,1
24752441000108,2019-04-16,22574942.79,1.1996753999999998,22527065.21,0.0,0.0,1
24752441000108,2019-04-17,22552474.01,1.2018641,22568163.88,0.0,0.0,1
24752441000108,2019-04-18,22592631.69,1.2003499,22539730.95,0.0,0.0,1
24752441000108,2019-04-22,22606961.09,1.203386,22596741.08,0.0,0.0,1
24752441000108,2019-04-23,22656865.4,1.2037555,22603679.82,0.0,0.0,1
24752441000108,2019-04-24,22656000.79,1.2067123,22659200.4,0.0,0.0,1
24752441000108,2019-04-25,22689762.85,1.2051698999999998,22630238.71,0.0,0.0,1
24752441000108,2019-04-26,22683385.63,1.2075091999999998,22674164.51,0.0,0.0,1
24752441000108,2019-04-29,22683980.13,1.2070653,22665829.87,0.0,0.0,1
24752441000108,2019-04-30,22680477.39,1.2070627,22665779.84,0.0,0.0,1
24752441000108,2019-05-02,22669527.77,1.207927,22682010.89,0.0,0.0,1
24752441000108,2019-05-03,22670001.29,1.2066188999999998,22657447.78,0.0,0.0,1
24752441000108,2019-05-06,22669069.58,1.2079647,22682717.93,0.0,0.0,1
24752441000108,2019-05-07,22660614.44,1.2069237,22663170.15,0.0,0.0,1
24752441000108,2019-05-08,22696362.12,1.206593,22656961.7,0.0,0.0,1
24752441000108,2019-05-09,22690974.46,1.2087326,22697136.79,0.0,0.0,1
24752441000108,2019-05-10,22683889.95,1.2086396,22695390.69,0.0,0.0,1
24752441000108,2019-05-13,22620331.17,1.2078895,22681306.5,0.0,0.0,1
24752441000108,2019-05-14,22622159.64,1.2033582,22596219.01,0.0,0.0,1
24752441000108,2019-05-15,22624479.03,1.2050610000000002,22628194.29,0.0,0.0,1
24752441000108,2019-05-16,22579936.17,1.2041083,22610304.62,0.0,0.0,1
24752441000108,2019-05-17,22567884.78,1.2014483,22560355.11,0.0,0.0,1
24752441000108,2019-05-20,22611302.92,1.2005725,22543909.98,0.0,0.0,1
24752441000108,2019-05-21,22702873.02,1.2044785,22617255.83,0.0,0.0,1
24752441000108,2019-05-22,22729424.07,1.2095268,22712051.22,0.0,0.0,1
24752441000108,2019-05-23,22715093.0,1.2099507,22720009.93,0.0,0.0,1
24752441000108,2019-05-24,22712196.71,1.2092188,22706267.53,0.0,0.0,1
24752441000108,2019-05-27,22752235.09,1.2087926000000002,22698263.9,0.0,0.0,1
24752441000108,2019-05-28,22803968.7,1.2113498,22746281.54,0.0,0.0,1
24752441000108,2019-05-29,22820281.1,1.2144598999999998,22804681.97,0.0,0.0,1
24752441000108,2019-05-30,22848635.45,1.2147344999999998,22809839.02,0.0,0.0,1
24752441000108,2019-05-31,22842697.18,1.2163913,22840949.66,0.0,0.0,1
24752441000108,2019-06-03,22850634.1,1.2166568000000002,22845935.86,0.0,0.0,1
24752441000108,2019-06-04,22873433.59,1.2165841,22844570.31,0.0,0.0,1
24752441000108,2019-06-05,22851369.38,1.2182066999999999,22875038.2,0.0,0.0,1
24752441000108,2019-06-06,22877360.09,1.2159993,22833588.14,0.0,0.0,1
24752441000108,2019-06-07,22907418.49,1.2182563999999998,22875971.65,0.0,0.0,1
24752441000108,2019-06-10,22912331.66,1.2202624,22913639.55,0.0,0.0,1
24752441000108,2019-06-11,22962272.25,1.2199678999999999,22908110.08,0.0,0.0,1
24752441000108,2019-06-12,22955155.99,1.22309,22966735.68,0.0,0.0,1
24752441000108,2019-06-13,22979443.77,1.2218581,22943603.84,0.0,0.0,1
24752441000108,2019-06-14,22974480.62,1.2239846,22983533.52,0.0,0.0,1
24752441000108,2019-06-17,22969258.5,1.2228683999999999,22962574.46,0.0,0.0,1
24752441000108,2019-06-18,23020846.12,1.2226039,22957608.02,0.0,0.0,1
24752441000108,2019-06-19,23057129.0,1.2260093,23021553.31,0.0,0.0,1
24752441000108,2019-06-21,23109655.24,1.2275461,23050410.03,0.0,0.0,1
24752441000108,2019-06-24,23142084.29,1.2316790000000002,23128016.71,0.0,0.0,1
24752441000108,2019-06-25,23088467.53,1.231847,23131170.38,0.0,0.0,1
24752441000108,2019-06-26,23090356.81,1.22789,23056868.26,0.0,0.0,1
24752441000108,2019-06-27,23098451.44,1.2289972,23077658.02,0.0,0.0,1
24752441000108,2019-06-28,23117521.17,1.2298527,23093722.56,0.0,0.0,1
24752441000108,2019-07-01,23133816.89,1.2311541,23118160.23,0.0,0.0,1
24752441000108,2019-07-02,23122255.87,1.2322097,23137981.18,0.0,0.0,1
24752441000108,2019-07-03,23161913.68,1.2309111,23113597.34,0.0,0.0,1
24752441000108,2019-07-04,23220733.5,1.2340264,23172095.24,0.0,0.0,1
24752441000108,2019-07-05,23245430.92,1.2369589,23227159.97,0.0,0.0,1
24752441000108,2019-07-08,23274046.96,1.2381086,23248748.92,0.0,0.0,1
24752441000108,2019-07-09,23281605.03,1.2393767,23272560.15,0.0,0.0,1
24752441000108,2019-07-10,23323324.03,1.2395497,23275809.52,0.0,0.0,1
24752441000108,2019-07-11,23326332.49,1.2424613000000002,23330483.19,0.0,0.0,1
24752441000108,2019-07-12,23299888.76,1.2420089,23321987.94,0.0,0.0,1
24752441000108,2019-07-15,23290628.09,1.2401207,23286531.28,0.0,0.0,1
24752441000108,2019-07-16,23294753.75,1.2397612,23279781.28,0.0,0.0,1
24752441000108,2019-07-17,23307628.74,1.240196,23287945.43,0.0,0.0,1
24752441000108,2019-07-18,23338588.75,1.241001,23303062.51,0.0,0.0,1
24752441000108,2019-07-19,23316425.21,1.2427337,23335598.13,0.0,0.0,1
24752441000108,2019-07-22,23319594.05,1.2409035,23301230.39,0.0,0.0,1
24752441000108,2019-07-23,23323936.52,1.2415313,23313018.8,0.0,0.0,1
24752441000108,2019-07-24,23324553.17,1.2412928,23308541.32,0.0,0.0,1
24752441000108,2019-07-25,23297779.76,1.2416314,23314899.3,0.0,0.0,1
24752441000108,2019-07-26,23294662.77,1.2391542,23268383.35,0.0,0.0,1
24752441000108,2019-07-29,23322428.69,1.2399697,23283695.5,0.0,0.0,1
24752441000108,2019-07-30,23330917.09,1.2415738,23313816.53,0.0,0.0,1
24752441000108,2019-07-31,23295459.99,1.2414741000000002,23311944.97,0.0,0.0,1
24752441000108,2019-08-01,23311741.44,1.2397642,23279838.31,0.0,0.0,1
24752441000108,2019-08-02,23320073.38,1.2407198999999998,23297783.41,0.0,0.0,1
24752441000108,2019-08-05,23248290.68,1.2414178,23310887.41,0.0,0.0,1
24752441000108,2019-08-06,23251418.02,1.234637,23183560.49,0.0,0.0,1
24752441000108,2019-08-07,23293644.41,1.2392092,23269415.13,0.0,0.0,1
24752441000108,2019-08-08,23363886.02,1.2407549,23298440.77,0.0,0.0,1
24752441000108,2019-08-09,23368564.74,1.2439208000000002,23357888.57,0.0,0.0,1
24752441000108,2019-08-12,23300805.15,1.2433795,23347724.16,0.0,0.0,1
24752441000108,2019-08-13,23332126.5,1.2397253000000001,23279107.46,0.0,0.0,1
24752441000108,2019-08-14,23251728.1,1.2424658000000002,23330567.06,0.0,0.0,1
24752441000108,2019-08-15,23169278.21,1.235841,23206168.3,0.0,0.0,1
24752441000108,2019-08-16,23212861.96,1.2330963,23154630.67,0.0,0.0,1
24752441000108,2019-08-19,23239309.37,1.236797,23224121.19,0.0,0.0,1
24752441000108,2019-08-20,23220057.15,1.2362892,23214585.16,0.0,0.0,1
24752441000108,2019-08-21,23291374.17,1.2359956,23209071.32,0.0,0.0,1
24752441000108,2019-08-22,23298907.1,1.2413587,23309778.94,0.0,0.0,1
24752441000108,2019-08-23,23219041.07,1.2393666,23272370.54,0.0,0.0,1
24752441000108,2019-08-26,23152107.38,1.2342543,23176374.95,0.0,0.0,1
24752441000108,2019-08-27,23140211.2,1.2301165,23098676.41,0.0,0.0,1
24752441000108,2019-08-28,23156883.82,1.2308698,23112822.55,0.0,0.0,1
24752441000108,2019-08-29,23204801.97,1.2312573999999998,23120100.38,0.0,0.0,1
24752441000108,2019-08-30,23237407.23,1.235899,23207258.08,0.0,0.0,1
24752441000108,2019-09-02,23264348.79,1.2387618,23261014.36,0.0,0.0,1
24752441000108,2019-09-03,23214031.0,1.2373406,23234327.1,0.0,0.0,1
24752441000108,2019-09-04,23274912.93,1.2369756,23227474.19,0.0,0.0,1
24752441000108,2019-09-05,23345658.22,1.2409562,23302219.81,0.0,0.0,1
24752441000108,2019-09-06,23377017.99,1.243837,23356315.54,0.0,0.0,1
24752441000108,2019-09-09,23382749.61,1.2452362,23382589.1,0.0,0.0,1
24752441000108,2019-09-10,23401433.31,1.2455903999999998,23389239.05,0.0,0.0,1
24752441000108,2019-09-11,23421318.2,1.2454838,23387238.37,0.0,0.0,1
24752441000108,2019-09-12,23443435.45,1.245883,23394734.77,0.0,0.0,1
24752441000108,2019-09-13,23442239.96,1.2489628000000002,23452565.68,0.0,0.0,1
24752441000108,2019-09-16,23429948.64,1.2470284,23416241.32,0.0,0.0,1
24752441000108,2019-09-17,23498779.48,1.249262,23458182.87,0.0,0.0,1
24752441000108,2019-09-18,23524364.1,1.2518699,23507152.88,0.0,0.0,1
24752441000108,2019-09-19,23531421.88,1.2516441,23502914.3,0.0,0.0,1
24752441000108,2019-09-20,23610815.54,1.2564216,23592624.85,0.0,0.0,1
24752441000108,2019-09-23,23631104.21,1.2580854,23623865.86,0.0,0.0,1
24752441000108,2019-09-24,23594901.42,1.2568632,23600916.71,0.0,0.0,1
24752441000108,2019-09-25,23592438.82,1.2552201,23570062.23,0.0,0.0,1
24752441000108,2019-09-26,23526088.1,1.2556419,23577982.75,0.0,0.0,1
24752441000108,2019-09-27,23534684.69,1.2574923999999998,23612730.86,0.0,0.0,1
24752441000108,2019-09-30,23627887.66,1.2578305,23619080.62,0.0,0.0,1
24752441000108,2019-10-01,23616491.6,1.2580837,23623834.42,0.0,0.0,1
24752441000108,2019-10-02,23509951.84,1.256063,23585890.6,0.0,0.0,1
24752441000108,2019-10-03,23518598.23,1.2510968,23492636.25,0.0,0.0,1
24752441000108,2019-10-04,23564464.19,1.2524095,23517286.64,0.0,0.0,1
24752441000108,2019-10-07,23513975.68,1.2546062,23558535.04,0.0,0.0,1
24752441000108,2019-10-08,23483910.51,1.2512892,23496250.28,0.0,0.0,1
24752441000108,2019-10-09,23521796.27,1.2504594,23480667.79,0.0,0.0,1
24752441000108,2019-10-10,23557272.73,1.2529515,23527463.81,0.0,0.0,1
24752441000108,2019-10-11,23632894.47,1.2548838,23563747.89,0.0,0.0,1
24752441000108,2019-10-14,23648957.82,1.2582295000000001,23626572.42,0.0,0.0,1
24752441000108,2019-10-15,23663026.03,1.259666,23653546.43,0.0,0.0,1
24752441000108,2019-10-16,23686050.92,1.2595923999999998,23652164.17,0.0,0.0,1
24752441000108,2019-10-17,23713948.98,1.2620176,23697703.64,0.0,0.0,1
24752441000108,2019-10-18,23710940.44,1.2622153,23701416.46,0.0,0.0,1
24752441000108,2019-10-21,23750661.13,1.2620751000000001,23698782.35,0.0,0.0,1
24752441000108,2019-10-22,23784480.51,1.2645829,23745874.07,0.0,0.0,1
24752441000108,2019-10-23,23722157.52,1.2651843,23757166.2,0.0,0.0,1
24752441000108,2019-10-24,23723887.44,1.2656003,23764978.13,0.0,0.0,1
24752441000108,2019-10-25,23782040.52,1.2652607,23758602.0,0.0,0.0,1
24752441000108,2019-10-28,23809897.68,1.2661936000000005,23776119.25,0.0,0.0,1
24752441000108,2019-10-29,23812595.92,1.2675281999999999,23801178.8,0.0,0.0,1
24752441000108,2019-10-30,23850233.42,1.2676011,23802549.33,0.0,0.0,1
24752441000108,2019-10-31,23833328.41,1.2697346999999999,23842613.1,0.0,0.0,1
24752441000108,2019-11-01,23829946.81,1.2665909,23783579.79,0.0,0.0,1
24752441000108,2019-11-04,23855861.61,1.2689356,23827607.4,0.0,0.0,1
24752441000108,2019-11-05,23841244.57,1.2697733,23843337.62,0.0,0.0,1
24752441000108,2019-11-06,23799359.72,1.2690375,23829520.44,0.0,0.0,1
24752441000108,2019-11-07,23835583.07,1.2694282,23836857.37,0.0,0.0,1
24752441000108,2019-11-08,23836016.5,1.2712306,23870701.38,0.0,0.0,1
24752441000108,2019-11-11,23843147.62,1.2681334999999998,23812546.39,0.0,0.0,1
24752441000108,2019-11-12,23828281.76,1.2704007,23855119.11,0.0,0.0,1
24752441000108,2019-11-13,23790655.15,1.2673327,23797508.91,0.0,0.0,1
24752441000108,2019-11-14,23809726.98,1.2660409,23773251.46,0.0,0.0,1
24752441000108,2019-11-18,23851161.8,1.2696633999999998,23841273.74,0.0,0.0,1
24752441000108,2019-11-19,23805463.74,1.2693577,23835534.13,0.0,0.0,1
24752441000108,2019-11-20,23796400.75,1.266641,23784519.65,0.0,0.0,1
24752441000108,2019-11-21,23844356.4,1.2667671,23786888.4,0.0,0.0,1
24752441000108,2019-11-22,23861575.77,1.2683468999999998,23816552.12,0.0,0.0,1
24752441000108,2019-11-25,23878059.93,1.2711783,23869720.06,0.0,0.0,1
24752441000108,2019-11-26,23845681.06,1.2706881,23860515.47,0.0,0.0,1
24752441000108,2019-11-27,23847166.14,1.2681828000000002,23813472.05,0.0,0.0,1
24752441000108,2019-11-28,23867102.64,1.2691129,23830936.82,0.0,0.0,1
24752441000108,2019-11-29,23862489.67,1.2706765,23860296.79,0.0,0.0,1
24752441000108,2019-12-02,23866968.35,1.2701904,23851168.9,0.0,0.0,1
24752441000108,2019-12-03,23853955.96,1.2699818,23847251.54,0.0,0.0,1
24752441000108,2019-12-04,23908338.13,1.2706559,23859911.32,0.0,0.0,1
24752441000108,2019-12-05,23938283.38,1.2739083,23920982.3,0.0,0.0,1
24752441000108,2019-12-06,23966675.9,1.2746582,23935063.35,0.0,0.0,1
24752441000108,2019-12-09,23979866.09,1.2767023000000002,23973447.17,0.0,0.0,1
24752441000108,2019-12-10,23963487.95,1.2759608999999998,23959526.3,0.0,0.0,1
24752441000108,2019-12-11,23983739.24,1.2758476,23957397.82,0.0,0.0,1
24752441000108,2019-12-12,24004505.51,1.276314,23966155.97,0.0,0.0,1
24752441000108,2019-12-13,24045361.53,1.2790912,24018305.53,0.0,0.0,1
24752441000108,2019-12-16,24048025.25,1.2804434999999998,24043698.43,0.0,0.0,1
24752441000108,2019-12-17,24059814.94,1.2797208999999998,24030129.66,0.0,0.0,1
24752441000108,2019-12-18,24085607.72,1.2795546999999998,24027009.64,0.0,0.0,1
24752441000108,2019-12-19,24134776.75,1.2831113,24093792.73,0.0,0.0,1
24752441000108,2019-12-20,24138136.64,1.2843298,24116673.8,0.0,0.0,1
24752441000108,2019-12-23,24180650.26,1.2856366000000001,24141212.8,0.0,0.0,1
24752441000108,2019-12-24,24195209.64,1.2876963,24179888.9,0.0,0.0,1
24752441000108,2019-12-26,24238086.78,1.2879201999999998,24184093.44,0.0,0.0,1
24752441000108,2019-12-27,24230082.69,1.2903764,24230215.19,0.0,0.0,1
24752441000108,2019-12-30,24207030.24,1.2893451999999999,24210850.83,0.0,0.0,1
24752441000108,2019-12-31,24205160.89,1.2880258999999998,24186077.53,0.0,0.0,1
24752441000108,2020-01-02,24271099.6,1.2883011,24191246.15,0.0,0.0,1
24752441000108,2020-01-03,24191270.94,1.2937049,24292716.06,0.0,0.0,1
24752441000108,2020-01-06,24090821.35,1.2934396,24287734.55,0.0,0.0,1
24752441000108,2020-01-07,24188711.78,1.2924688,24269504.81,0.0,0.0,1
24752441000108,2020-01-08,24276457.63,1.2926331,24272590.94,0.0,0.0,1
24752441000108,2020-01-09,24286902.11,1.2924745,24269612.49,0.0,0.0,1
24752441000108,2020-01-10,24282449.21,1.2930032,24279539.29,0.0,0.0,1
24752441000108,2020-01-13,24340045.31,1.2924013,24268238.37,0.0,0.0,1
24752441000108,2020-01-14,24362415.75,1.296405,24343417.28,0.0,0.0,1
24752441000108,2020-01-15,24354938.66,1.2973592,24361336.01,0.0,0.0,1
24752441000108,2020-01-16,24385384.6,1.2968475,24351726.18,0.0,0.0,1
24752441000108,2020-01-17,24420185.38,1.2979179,24371825.64,0.0,0.0,1
24752441000108,2020-01-20,24451266.29,1.300704,24424142.91,0.0,0.0,1
24752441000108,2020-01-21,24417275.95,1.3017778,24444306.24,0.0,0.0,1
24752441000108,2020-01-22,24443931.82,1.2994756,24401076.77,0.0,0.0,1
